[
    {
        "id":1,
        "name":"Breed Dry Dog Food",
        "img":"dogfood.png",
        "cost":100,
        "rating":3,
        "buyed":35,
        "new":false,
        "off":false,
        "discount":false,
        "color":false
    },
    {
        "id":2,
        "name":"CANON EOS DSLR Camera",
        "img":"camera.png",
        "cost":360,
        "rating":4,
        "buyed":95,
        "new":false,
        "off":false,
        "discount":false,
        "color":false
    },
    {
        "id":3,
        "name":"ASUS FHD Gaming Laptop",
        "img":"laptop.png",
        "cost":700,
        "rating":5,
        "buyed":325,
        "new":false,
        "off":false,
        "discount":false,
        "color":false
    },
    {
        "id":4,
        "name":"Curology Product Set",
        "img":"cream.png",
        "cost":500,
        "rating":4,
        "buyed":145,
        "new":false,
        "off":false,
        "discount":false,
        "color":false
    },
    {
        "id":5,
        "name":"Kids Electric Car",
        "img":"car.png",
        "cost":960,
        "rating":5,
        "buyed":65,
        "new":true,
        "off":false,
        "discount":false,
        "color":true,
        "color1":"red",
        "color2":"blue"
    },
    {
        "id":6,
        "name":"Jr. Zoom Soccer Cleats",
        "img":"shoe.png",
        "cost":1160,
        "rating":5,
        "buyed":35,
        "new":false,
        "off":false,
        "discount":false,
        "color":true,
        "color1":"yellow",
        "color2":"blue"
    },
    {
        "id":7,
        "name":"GP11 Shooter USB Gamepad",
        "img":"gamepad.png",
        "cost":660,
        "rating":4.5,
        "buyed":55,
        "new":true,
        "off":false,
        "discount":false,
        "color":true,
        "color1":"black",
        "color2":"blue"
    },
    {
        "id":8,
        "name":"Quilted Satin Jacket",
        "img":"jacket.png",
        "cost":660,
        "rating":4.5,
        "buyed":55,
        "new":false,
        "off":false,
        "discount":false,
        "color":true,
        "color1":"green",
        "color2":"blue"
    },
    {
        "id":9,
        "name":"HAVIT HV-G92 Gamepad",
        "img":"joystick.png",
        "cost":120,
        "discost":160,
        "rating":5,
        "buyed":88,
        "new":false,
        "off":true,
        "offer":40,
        "discount":true,
        "color":false
    },
    {
        "id":10,
        "name":"AK-900 Wired Keyboard",
        "img":"keyboard.png",
        "cost":960,
        "discost":1160,
        "rating":4,
        "buyed":75,
        "new":false,
        "off":true,
        "offer":35,
        "discount":true,
        "color":false
    },
    {
        "id":11,
        "name":"IPS LCD Gaming Monitor",
        "img":"monitor.png",
        "cost":700,
        "discost":400,
        "rating":5,
        "buyed":99,
        "new":false,
        "off":true,
        "offer":30,
        "discount":true,
        "color":false
    },
    {
        "id":12,
        "name":"RGB liquid CPU Cooler",
        "img":"cpu.png",
        "cost":500,
        "discost":170,
        "rating":4.5,
        "buyed":65,
        "new":false,
        "off":false,
        "discount":true,
        "color":false
    }
]